src_pcd,ref_pcd
1696641932.308438066.pcd,1696641932.558437828.pcd
1696641932.828579906.pcd,1696641933.448664907.pcd
1696641933.448664907.pcd,1696641932.828579906.pcd
1696641953.330247882.pcd,1696641953.850256446.pcd
1696641953.330247882.pcd,1696641954.400376085.pcd
1696641981.059416059.pcd,1696641982.549833540.pcd
1696641981.059416059.pcd,1696641981.619879249.pcd
1696641981.619879249.pcd,1696641981.059416059.pcd
1696641982.549833540.pcd,1696641981.059416059.pcd
1696641998.391278032.pcd,1696641998.819652084.pcd
1696641998.391278032.pcd,1696642000.120069984.pcd
1696642010.419835809.pcd,1696642010.549886468.pcd
