src_pcd,ref_pcd
1696641932.283384803.pcd,1696641932.551261428.pcd
1696641932.816240076.pcd,1696641933.427884105.pcd
1696641933.427884105.pcd,1696641932.816240076.pcd
1696641953.297345880.pcd,1696641953.878173355.pcd
1696641953.297345880.pcd,1696641954.359836582.pcd
1696641981.026856426.pcd,1696641982.540841344.pcd
1696641981.026856426.pcd,1696641981.608326677.pcd
1696641981.608326677.pcd,1696641981.026856426.pcd
1696641982.540841344.pcd,1696641981.026856426.pcd
1696641998.351461176.pcd,1696641998.804895166.pcd
1696641998.351461176.pcd,1696642000.086412195.pcd
1696642010.408318046.pcd,1696642010.541133646.pcd
